id,username,email,created,updated,is_anonymous
202,test1,test@test.com,2022-12-23 14:51:07,2022-12-23 14:51:08,1
201,cbastable0,eburnside0@howstuffworks.com,2022-02-09 08:03:18,2022-12-16 16:23:14,0
200,msatyford5j,gagiolfinger5j@cbslocal.com,2022-03-03 07:36:08,2022-12-16 16:23:14,1
199,ptatershall5i,ddavidov5i@google.co.uk,2022-04-02 13:24:59,2022-12-16 16:23:14,0
198,tfoxen5h,whawkslee5h@vistaprint.com,2022-01-30 21:15:48,2022-12-16 16:23:14,1
197,chunstone5g,adanilowicz5g@auda.org.au,2022-01-03 09:05:19,2022-12-16 16:23:14,1
196,mpeoples5f,pdrysdale5f@ebay.co.uk,2022-04-06 00:11:54,2022-12-16 16:23:14,0
195,smccrorie5e,ejedrzejczak5e@tumblr.com,2022-01-24 21:19:52,2022-12-16 16:23:14,1
194,gcricket5d,ghuntingford5d@infoseek.co.jp,2022-01-21 04:11:53,2022-12-16 16:23:14,1
193,bnoah5c,rpetras5c@house.gov,2022-02-18 05:35:21,2022-12-16 16:23:14,1
192,lmallen5b,nceland5b@biblegateway.com,2022-01-12 22:47:49,2022-12-16 16:23:14,1
191,htims5a,dbrisker5a@about.com,2022-02-01 23:09:00,2022-12-16 16:23:14,0
190,tlaverock59,rmeys59@about.me,2022-02-05 22:59:15,2022-12-16 16:23:14,0
189,mclay58,fhuortic58@quantcast.com,2022-01-06 23:45:32,2022-12-16 16:23:14,1
188,rtestro57,rshew57@infoseek.co.jp,2022-01-29 03:37:26,2022-12-16 16:23:14,1
187,rturley56,acuddon56@simplemachines.org,2022-01-14 10:05:32,2022-12-16 16:23:14,0
186,lbingham55,mcassimer55@hp.com,2022-02-22 21:35:13,2022-12-16 16:23:14,0
185,aaindriu54,bbindon54@t.co,2022-03-08 21:27:12,2022-12-16 16:23:14,0
184,mbettison53,scastro53@blogger.com,2022-03-24 20:13:02,2022-12-16 16:23:14,1
183,tfairpo52,zzannuto52@oakley.com,2022-01-26 11:00:03,2022-12-16 16:23:14,1
182,jtracey51,dlarvin51@yellowbook.com,2022-01-05 17:30:26,2022-12-16 16:23:14,0
181,rmarvin50,igerger50@bloglovin.com,2022-02-09 13:05:32,2022-12-16 16:23:14,0
180,ukiddle4z,gpestor4z@narod.ru,2022-02-08 01:29:22,2022-12-16 16:23:14,1
179,wgascoigne4y,awraxall4y@usatoday.com,2022-01-28 06:02:20,2022-12-16 16:23:14,1
178,lmonteith4x,aemblem4x@symantec.com,2022-03-22 17:36:23,2022-12-16 16:23:14,1
177,hthal4w,mjosowitz4w@seesaa.net,2022-01-23 23:50:28,2022-12-16 16:23:14,1
176,clindgren4v,bharfoot4v@edublogs.org,2022-01-30 11:30:20,2022-12-16 16:23:14,1
175,hgallehock4u,vhoulston4u@berkeley.edu,2022-02-11 06:08:41,2022-12-16 16:23:14,0
174,mstanding4t,mfortescue4t@prlog.org,2022-01-31 05:31:15,2022-12-16 16:23:14,1
173,hspring4s,jansty4s@soundcloud.com,2022-04-05 10:37:26,2022-12-16 16:23:14,1
172,equincey4r,fwildbore4r@toplist.cz,2022-01-30 17:36:56,2022-12-16 16:23:14,1
171,jkubiak4q,croels4q@devhub.com,2022-03-13 06:51:13,2022-12-16 16:23:14,1
170,spendreigh4p,rsaundercock4p@msn.com,2022-03-02 05:40:54,2022-12-16 16:23:14,0
169,amooney4o,etrim4o@wiley.com,2022-02-24 01:50:25,2022-12-16 16:23:14,1
168,elarratt4n,kwaters4n@cnn.com,2022-02-19 00:25:50,2022-12-16 16:23:14,0
167,msalzberger4m,efawltey4m@addtoany.com,2022-02-10 18:30:37,2022-12-16 16:23:14,0
166,rmccleary4l,dbyatt4l@pinterest.com,2022-02-23 14:13:57,2022-12-16 16:23:14,0
165,rdayley4k,vmidner4k@japanpost.jp,2022-01-15 10:46:56,2022-12-16 16:23:14,0
164,lheatley4j,aomullan4j@tinyurl.com,2022-02-21 02:56:33,2022-12-16 16:23:14,1
163,hpetrushkevich4i,elawson4i@wikia.com,2022-03-18 17:42:38,2022-12-16 16:23:14,1
162,ibottomer4h,wshakespear4h@purevolume.com,2022-02-03 00:32:54,2022-12-16 16:23:14,1
161,sjohnsson4g,jpaulou4g@merriam-webster.com,2022-02-08 19:10:51,2022-12-16 16:23:14,0
160,pstanfield4f,fkeyzman4f@apache.org,2022-01-09 00:57:19,2022-12-16 16:23:14,1
159,cposchel4e,amathon4e@guardian.co.uk,2022-04-06 05:28:30,2022-12-16 16:23:14,0
158,kluca4d,kitshak4d@timesonline.co.uk,2022-01-25 13:59:53,2022-12-16 16:23:14,1
157,mkeast4c,kmorrison4c@paginegialle.it,2022-01-22 19:42:02,2022-12-16 16:23:14,0
156,fkenion4b,syurkevich4b@bloglovin.com,2022-02-17 04:30:09,2022-12-16 16:23:14,0
155,adoctor4a,lseldner4a@upenn.edu,2022-03-24 14:31:24,2022-12-16 16:23:14,1
154,jelger49,jcracoe49@buzzfeed.com,2022-03-29 08:24:58,2022-12-16 16:23:14,1
153,smieville48,acason48@reddit.com,2022-02-12 16:00:05,2022-12-16 16:23:14,0
152,carno47,gkluger47@barnesandnoble.com,2022-01-17 13:51:39,2022-12-16 16:23:14,1
151,pbrazer46,tpilipyak46@a8.net,2022-02-01 08:31:31,2022-12-16 16:23:14,1
150,ldoody45,anequest45@a8.net,2022-01-26 12:25:24,2022-12-16 16:23:14,0
149,gormiston44,rgoldsmith44@huffingtonpost.com,2022-01-01 01:35:00,2022-12-16 16:23:14,1
148,ltrelevan43,sgiacubo43@nifty.com,2022-03-27 10:17:13,2022-12-16 16:23:14,1
147,ecobby42,hwinnister42@technorati.com,2022-01-27 20:19:00,2022-12-16 16:23:14,0
146,ajochens41,bwalters41@ed.gov,2022-01-17 19:03:22,2022-12-16 16:23:14,0
145,hroome40,lforkan40@un.org,2022-01-24 08:00:24,2022-12-16 16:23:14,1
144,emerrgen3z,btollerton3z@feedburner.com,2022-02-06 01:10:06,2022-12-16 16:23:14,0
143,pascough3y,nralph3y@hc360.com,2022-02-22 03:29:42,2022-12-16 16:23:14,0
142,npatershall3x,egori3x@hubpages.com,2022-03-28 18:46:26,2022-12-16 16:23:14,0
141,cperillo3w,dmoakson3w@businessweek.com,2022-02-07 08:17:46,2022-12-16 16:23:14,1
140,carmistead3v,tbidewell3v@columbia.edu,2022-03-16 04:05:40,2022-12-16 16:23:14,0
139,tpedican3u,dlockhead3u@wp.com,2022-03-11 06:52:09,2022-12-16 16:23:14,1
138,jaldis3t,kbootherstone3t@moonfruit.com,2022-03-25 15:07:25,2022-12-16 16:23:14,1
137,gkhristoforov3s,cblaxill3s@meetup.com,2022-01-24 10:10:50,2022-12-16 16:23:14,0
136,sstangel3r,tcristoforo3r@ning.com,2022-03-12 17:53:30,2022-12-16 16:23:14,1
135,abeesey3q,ialvaro3q@addthis.com,2022-03-20 10:55:09,2022-12-16 16:23:14,0
134,asehorsch3p,nbazoge3p@delicious.com,2022-02-02 18:10:28,2022-12-16 16:23:14,0
133,dbockett3o,vmcnamara3o@purevolume.com,2022-02-03 21:45:11,2022-12-16 16:23:14,0
132,vclemmensen3n,kmatthews3n@sun.com,2022-04-18 07:46:55,2022-12-16 16:23:14,1
131,hnesbeth3m,apurnell3m@sitemeter.com,2022-01-29 00:32:50,2022-12-16 16:23:14,1
130,bvergo3l,rlaxon3l@google.com.br,2022-02-27 02:30:50,2022-12-16 16:23:14,1
129,aellens3k,hgridley3k@usda.gov,2022-04-03 08:49:52,2022-12-16 16:23:14,0
128,jmuspratt3j,kwickling3j@homestead.com,2022-01-01 18:04:06,2022-12-16 16:23:14,1
127,aesposita3i,hspincke3i@stumbleupon.com,2022-04-08 17:44:56,2022-12-16 16:23:14,0
126,hlindner3h,elicari3h@answers.com,2022-03-27 20:27:52,2022-12-16 16:23:14,0
125,dlooks3g,gmacphaden3g@angelfire.com,2022-03-26 16:55:39,2022-12-16 16:23:14,1
124,lwhitwood3f,cjickles3f@blogspot.com,2022-01-01 06:45:20,2022-12-16 16:23:14,0
123,cdudderidge3e,ffey3e@hp.com,2022-02-01 11:34:50,2022-12-16 16:23:14,1
122,hchadwin3d,glocard3d@homestead.com,2022-03-26 06:19:03,2022-12-16 16:23:14,1
121,nfrantzen3c,ckonerding3c@netlog.com,2022-04-08 10:05:45,2022-12-16 16:23:14,0
120,btowse3b,jprys3b@addtoany.com,2022-04-04 06:32:03,2022-12-16 16:23:14,0
119,lslad3a,dpree3a@newyorker.com,2022-02-15 00:43:23,2022-12-16 16:23:14,1
118,koselton39,wobray39@photobucket.com,2022-03-10 15:25:19,2022-12-16 16:23:14,1
117,kbrinklow38,kdepper38@ocn.ne.jp,2022-04-13 17:37:48,2022-12-16 16:23:14,1
116,pnutbeem37,mpenniell37@cam.ac.uk,2022-02-03 02:34:37,2022-12-16 16:23:14,0
115,mhodinton36,wstockall36@cbc.ca,2022-01-16 15:51:03,2022-12-16 16:23:14,1
114,cadlem35,gmccard35@yahoo.co.jp,2022-02-14 09:28:29,2022-12-16 16:23:14,1
113,lmawman34,ktrinder34@ask.com,2022-03-11 06:37:22,2022-12-16 16:23:14,1
112,tgon33,cstowell33@blinklist.com,2022-01-24 04:17:36,2022-12-16 16:23:14,0
111,gmcilwreath32,mharrhy32@ebay.com,2022-04-11 06:22:23,2022-12-16 16:23:14,0
110,mstopher31,jmcinnes31@linkedin.com,2022-03-24 07:15:16,2022-12-16 16:23:14,0
109,jceely30,upresshaugh30@irs.gov,2022-04-19 06:13:59,2022-12-16 16:23:14,0
108,bmattea2z,abriers2z@usgs.gov,2022-03-28 03:26:55,2022-12-16 16:23:14,0
107,aoldale2y,ujewkes2y@cocolog-nifty.com,2022-01-16 18:46:34,2022-12-16 16:23:14,1
106,mcouser2x,schadwick2x@issuu.com,2022-03-21 05:12:24,2022-12-16 16:23:14,0
105,lswatten2w,kbuckler2w@tumblr.com,2022-03-09 22:32:28,2022-12-16 16:23:14,0
104,sborland2v,mbudnk2v@sciencedirect.com,2022-02-17 07:09:19,2022-12-16 16:23:14,1
103,amanvelle2u,aelwyn2u@wordpress.org,2022-03-26 00:18:44,2022-12-16 16:23:14,0
102,mschelle2t,etellett2t@skype.com,2022-04-07 14:07:32,2022-12-16 16:23:14,0
101,jambresin2s,wdunrige2s@uol.com.br,2022-01-21 17:25:58,2022-12-16 16:23:14,0
100,jburet2r,mvuittet2r@rediff.com,2022-01-27 04:38:15,2022-12-16 16:23:14,0
99,omccree2q,ctrippitt2q@tripadvisor.com,2022-03-01 12:38:22,2022-12-16 16:23:14,1
98,dbarta2p,miacavone2p@ocn.ne.jp,2022-01-02 03:11:15,2022-12-16 16:23:14,0
97,eclamp2o,rdanieli2o@slate.com,2022-03-31 07:20:04,2022-12-16 16:23:14,0
96,tvonsalzberg2n,jpeirce2n@pagesperso-orange.fr,2022-03-30 05:19:05,2022-12-16 16:23:14,1
95,cfulham2m,pvanhaeften2m@google.co.uk,2022-02-05 01:46:03,2022-12-16 16:23:14,0
94,lbimrose2l,lkitchenman2l@soundcloud.com,2022-04-07 06:24:53,2022-12-16 16:23:14,0
93,rdevo2k,khordell2k@bigcartel.com,2022-01-26 22:30:57,2022-12-16 16:23:14,1
92,sslemmonds2j,dblacklawe2j@vinaora.com,2022-03-22 16:08:49,2022-12-16 16:23:14,1
91,bjestico2i,vsuthren2i@nhs.uk,2022-01-10 16:27:29,2022-12-16 16:23:14,0
90,ccourtliff2h,mcharlin2h@epa.gov,2022-01-16 20:33:35,2022-12-16 16:23:14,1
89,nkimbell2g,vlorand2g@behance.net,2022-01-29 04:06:30,2022-12-16 16:23:14,1
88,bescale2f,bapplewhite2f@pcworld.com,2022-01-05 01:40:25,2022-12-16 16:23:14,1
87,lbriddock2e,rsurgener2e@gnu.org,2022-04-19 06:33:35,2022-12-16 16:23:14,1
86,tverdey2d,lbatch2d@un.org,2022-02-17 05:44:32,2022-12-16 16:23:14,1
85,hflynn2c,kpashba2c@npr.org,2022-03-03 10:58:13,2022-12-16 16:23:14,0
84,akybbye2b,djiran2b@google.es,2022-01-10 08:28:57,2022-12-16 16:23:14,1
83,ddubois2a,jsine2a@wikia.com,2022-04-02 08:58:35,2022-12-16 16:23:14,0
82,emoppett29,sambrosio29@wix.com,2022-03-25 23:13:52,2022-12-16 16:23:14,1
81,fmclardie28,tfairhead28@mozilla.com,2022-01-06 11:55:25,2022-12-16 16:23:14,0
80,slepick27,swyon27@comcast.net,2022-03-15 08:03:36,2022-12-16 16:23:14,0
79,tmackellen26,ttwentyman26@mashable.com,2022-04-12 02:54:57,2022-12-16 16:23:14,1
78,awitherspoon25,eripsher25@hexun.com,2022-01-05 21:24:33,2022-12-16 16:23:14,0
77,tglossop24,mkelberman24@infoseek.co.jp,2022-03-26 01:07:44,2022-12-16 16:23:14,0
76,casher23,pmaton23@livejournal.com,2022-04-13 21:42:04,2022-12-16 16:23:14,1
75,elewisham22,rphibb22@jigsy.com,2022-01-24 02:40:22,2022-12-16 16:23:14,1
74,hlong21,jfellgate21@npr.org,2022-03-13 13:35:49,2022-12-16 16:23:14,0
73,jrawsen20,welderkin20@delicious.com,2022-02-04 06:59:15,2022-12-16 16:23:14,0
72,nworstall1z,fclissett1z@globo.com,2022-03-03 16:56:14,2022-12-16 16:23:14,0
71,mcroke1y,kstrudwick1y@goodreads.com,2022-04-07 06:20:27,2022-12-16 16:23:14,0
70,mberringer1x,wkittle1x@smugmug.com,2022-01-28 19:21:08,2022-12-16 16:23:14,0
69,jchater1w,jmathewes1w@pagesperso-orange.fr,2022-04-06 09:47:15,2022-12-16 16:23:14,0
68,isessions1v,abovaird1v@privacy.gov.au,2022-03-19 12:27:27,2022-12-16 16:23:14,0
67,breese1u,vestick1u@nba.com,2022-04-14 01:49:41,2022-12-16 16:23:14,1
66,dscandrick1t,cbacchus1t@xrea.com,2022-01-14 20:48:04,2022-12-16 16:23:14,1
65,acreffield1s,lbartod1s@mediafire.com,2022-03-21 19:13:45,2022-12-16 16:23:14,0
64,tdumbell1r,dwortley1r@illinois.edu,2022-01-05 14:30:54,2022-12-16 16:23:14,1
63,qchadwen1q,abraunfeld1q@eepurl.com,2022-03-03 16:37:06,2022-12-16 16:23:14,0
62,nhauxley1p,mhardwich1p@telegraph.co.uk,2022-01-16 11:35:40,2022-12-16 16:23:14,1
61,sfeechan1o,dpackwood1o@kickstarter.com,2022-03-25 18:41:52,2022-12-16 16:23:14,1
60,lblose1n,eshenton1n@netscape.com,2022-03-09 01:24:55,2022-12-16 16:23:14,0
59,ehallows1m,kwhittle1m@statcounter.com,2022-03-26 22:50:14,2022-12-16 16:23:14,1
58,jsexty1l,amcinnery1l@sogou.com,2022-01-03 20:07:53,2022-12-16 16:23:14,0
57,ijanaszkiewicz1k,gdusting1k@bloglovin.com,2022-02-21 06:02:29,2022-12-16 16:23:14,0
56,celdredge1j,mpownall1j@clickbank.net,2022-02-24 17:07:47,2022-12-16 16:23:14,0
55,cbarringer1i,vspensly1i@gov.uk,2022-02-20 18:11:48,2022-12-16 16:23:14,0
54,nbruins1h,ebeentjes1h@gnu.org,2022-03-05 10:58:15,2022-12-16 16:23:14,1
53,hborchardt1g,dgillatt1g@berkeley.edu,2022-03-10 10:10:55,2022-12-16 16:23:14,0
52,efordham1f,spickavance1f@amazon.co.jp,2022-04-11 02:17:54,2022-12-16 16:23:14,0
51,akilban1e,dmuskett1e@addthis.com,2022-03-27 15:30:21,2022-12-16 16:23:14,0
50,hpaff1d,lrosensaft1d@chicagotribune.com,2022-04-13 23:43:05,2022-12-16 16:23:14,0
49,ojaffra1c,wmaclaverty1c@dot.gov,2022-03-16 08:51:12,2022-12-16 16:23:14,1
48,treyson1b,akroch1b@ebay.co.uk,2022-03-28 05:00:50,2022-12-16 16:23:14,1
47,rocullen1a,lantowski1a@techcrunch.com,2022-04-04 18:56:26,2022-12-16 16:23:14,0
46,pfulun19,bfriskey19@theglobeandmail.com,2022-02-10 16:31:05,2022-12-16 16:23:14,1
45,fpilch18,dgurnay18@sciencedaily.com,2022-02-12 20:53:14,2022-12-16 16:23:14,1
44,bsmallridge17,pchristou17@quantcast.com,2022-02-24 19:53:33,2022-12-16 16:23:14,0
43,hwinders16,nspeedy16@buzzfeed.com,2022-02-20 15:45:24,2022-12-16 16:23:14,1
42,tvenables15,niacobacci15@de.vu,2022-04-15 19:28:56,2022-12-16 16:23:14,1
41,todonohue14,wpetrusch14@exblog.jp,2022-03-11 05:59:52,2022-12-16 16:23:14,0
40,socodihie13,mwaistall13@ucoz.ru,2022-03-25 10:59:39,2022-12-16 16:23:14,0
39,xdulanty12,satwel12@theglobeandmail.com,2022-02-08 11:05:34,2022-12-16 16:23:14,0
38,gpedersen11,erocca11@istockphoto.com,2022-02-27 23:07:11,2022-12-16 16:23:14,1
37,acluer10,ljoselevitch10@yelp.com,2022-04-03 02:31:14,2022-12-16 16:23:14,0
36,lcargonz,rsafhillz@amazon.de,2022-02-21 13:41:56,2022-12-16 16:23:14,0
35,bbrugmanny,gnewburyy@samsung.com,2022-04-06 11:19:49,2022-12-16 16:23:14,0
34,omcbrydex,kskevingtonx@stumbleupon.com,2022-03-21 17:44:41,2022-12-16 16:23:14,0
33,hsellarw,gfrancescottiw@blinklist.com,2022-03-11 13:14:51,2022-12-16 16:23:14,1
32,fjentinv,lcontiv@nba.com,2022-01-24 07:04:36,2022-12-16 16:23:14,0
31,yharboru,ypetticrowu@reuters.com,2022-03-25 19:21:10,2022-12-16 16:23:14,0
30,rcronet,cdanelst@blinklist.com,2022-03-24 07:29:33,2022-12-16 16:23:14,0
29,fszymanskis,bberranes@icq.com,2022-02-20 10:09:36,2022-12-16 16:23:14,0
28,arobiotr,bacremanr@meetup.com,2022-02-15 04:07:03,2022-12-16 16:23:14,1
27,hjedrychowskiq,gswatradgeq@zdnet.com,2022-04-04 17:01:26,2022-12-16 16:23:14,0
26,qlingnerp,vchaterp@homestead.com,2022-03-31 16:08:36,2022-12-16 16:23:14,1
25,gboltero,adrakardo@google.com.au,2022-04-08 19:10:04,2022-12-16 16:23:14,1
24,fwallegen,deidlern@mapquest.com,2022-01-11 14:49:48,2022-12-16 16:23:14,1
23,gscandredm,cstroudm@nps.gov,2022-03-09 23:55:03,2022-12-16 16:23:14,0
22,jhubblel,ctimberlakel@gov.uk,2022-02-17 02:12:53,2022-12-16 16:23:14,0
21,sstevensonk,follcottk@smh.com.au,2022-01-01 09:36:02,2022-12-16 16:23:14,1
20,cauklandj,jwardlej@oracle.com,2022-02-22 09:22:25,2022-12-16 16:23:14,1
19,eoxtoni,cmaccurtaini@samsung.com,2022-03-03 21:13:21,2022-12-16 16:23:14,1
18,mmullingerh,ghazlehursth@hugedomains.com,2022-04-14 05:54:14,2022-12-16 16:23:14,0
17,bpobjayg,kcromarg@t-online.de,2022-04-02 07:32:01,2022-12-16 16:23:14,0
16,jketleyf,agilliesf@linkedin.com,2022-01-28 16:39:59,2022-12-16 16:23:14,1
15,jchamberline,fpaddicke@xing.com,2022-03-18 12:11:50,2022-12-16 16:23:14,0
14,scondliffed,gdoumicd@51.la,2022-03-25 03:39:02,2022-12-16 16:23:14,1
13,dwiddisonc,glalleyc@nymag.com,2022-03-16 14:17:26,2022-12-16 16:23:14,1
12,ahutchcraftb,pmatevosianb@disqus.com,2022-02-27 14:38:02,2022-12-16 16:23:14,0
11,tmctiernana,cjewitta@yolasite.com,2022-01-18 09:29:42,2022-12-16 16:23:14,0
10,ditzkovsky9,echase9@dedecms.com,2022-02-27 12:34:10,2022-12-16 16:23:14,0
9,dosanne8,jspikins8@networksolutions.com,2022-01-10 12:01:37,2022-12-16 16:23:14,0
8,ebrentnall7,eholdron7@gov.uk,2022-01-05 22:46:00,2022-12-16 16:23:14,1
7,kkondratenya6,cpigny6@blinklist.com,2022-03-10 00:00:12,2022-12-16 16:23:14,0
6,sdamsell5,gsimonyi5@state.tx.us,2022-01-10 03:28:56,2022-12-16 16:23:14,0
5,dshepeard4,jwaind4@unesco.org,2022-02-14 06:53:54,2022-12-16 16:23:14,1
4,tbrayley3,gjiggen3@businesswire.com,2022-04-09 09:22:44,2022-12-16 16:23:14,1
3,ogasnoll2,mdiamond2@ocn.ne.jp,2022-03-25 03:03:25,2022-12-16 16:23:14,0
2,comulderrig1,ideknevet1@cafepress.com,2022-01-22 02:12:04,2022-12-16 16:23:14,0
1,gmarte,me@gmarte.com,2022-12-16 16:17:41,2022-12-16 17:26:01,0
